<?xml version='1.0' encoding='UTF-8' ?>
<timeLogEntries>
  <time id="1" path="/PSPTI1/PSP0/Code" start="@1615746503330" delta="11" />
  <time id="2" path="/PSPTI1/PSP0/Code" start="@1615750025046" delta="49" />
  <time id="3" path="/PSPTI1/PSP0/Code" start="@1616086753463" delta="12" />
  <time id="4" path="/PSPTI1/PSP0/Code" start="@1616171697732" delta="92" />
  <time id="5" path="/PSPTI1/PSP0/Code" start="@1616207600165" delta="141" comment="Code Together" />
  <time id="6" path="/PSPTI1/PSP0/Design" start="@1616216074302" delta="150" />
  <time id="7" path="/PSPTI1/PSP0/Compile" start="@1616225085000" delta="44" />
  <time id="8" path="/PSPTI1/PSP0/Code" start="@1616278817736" delta="76" />
  <time id="9" path="/PSPTI1/PSP0/Code" start="@1616357980218" delta="95" />
  <time id="10" path="/PSPTI1/PSP0/Code" start="@1616363667846" delta="178" />
  <time id="11" path="/PSPTI1/PSP0/Code" start="@1616439907836" delta="226" interrupt="42" />
  <time id="13" path="/PSPTI1/PSP0/Design" start="@1615604453000" delta="269" />
  <time id="14" path="/PSPTI1/PSP0/Planning" start="@1614740474000" delta="174" />
  <time id="15" path="/PSPTI1/PSP0/Code" start="@1616468547502" delta="22" />
</timeLogEntries>
