<?xml version='1.0' encoding='UTF-8' ?>
<timeLogEntries>
  <time id="1" path="/TI1/PSP0/Planning" start="@1614900752000" delta="23" comment="Interface sketches and wireframes" />
  <time id="2" path="/TI1/PSP0/Design" start="@1614902117000" delta="89" comment="Bookstore interfaces designed and prototyped" />
  <time id="4" path="/TI1/PSP0/Planning" start="@1615072753613" delta="100" comment="Engineering Method document drafting phases 1-3" />
  <time id="5" path="/TI1/PSP0/Planning" start="@1615082776749" delta="41" comment="Engineering Method document drafting phases 4-5" />
  <time id="6" path="/TI1/PSP0/Planning" start="@1615087161121" delta="40" comment="Engineering Method document drafting phases 6" />
  <time id="7" path="/TI1/PSP0/Design" start="@1615583758681" delta="89" comment="Scenebuilder fxml development" />
  <time id="8" path="/TI1/PSP0/Design" start="@1615705115380" delta="31" comment="Final fxml development" />
  <time id="9" path="/TI1/PSP0/Code" start="@1615707176063" delta="27" />
  <time id="10" path="/TI1/PSP0/Code" start="@1616121643377" delta="220" comment="Catalog implementation" />
  <time id="11" path="/TI1/PSP0/Code" start="@1616171695108" delta="94" comment="Catalog getValue bug when selecting specific shelve" />
  <time id="12" path="/TI1/PSP0/Code" start="@1616194914669" delta="204" />
  <time id="13" path="/TI1/PSP0/Code" start="@1616214640456" delta="207" comment="Code together" />
  <time id="14" path="/TI1/PSP0/Code" start="@1616434541000" delta="63" comment="Cleaning fxml" />
  <time id="15" path="/TI1/PSP0/Code" start="@1616438363916" delta="70" comment="" />
  <time id="16" path="/TI1/PSP0/Design" start="@1616446173879" delta="114" comment="adt design" />
  <time id="17" path="/TI1/PSP0/Design" start="@1616455942045" delta="194" interrupt="33" comment="time complexity and space complexity" />
</timeLogEntries>
